Province,District,Sector,Cell,Village,Longitude,Latitude,Area_Ha,BBox_MinLon,BBox_MinLat,BBox_MaxLon,BBox_MaxLat
Amajyaruguru,Musanze,Busogo,Gisesero,Gahanga,29.554098549674883,-1.5554654340945127,152.24557095399263,29.54222556566691,-1.5619992108286245,29.563292230135968,-1.5479725699388809
Amajyaruguru,Musanze,Busogo,Gisesero,Jabiro,29.554144177347354,-1.5487358347345308,66.53792779964134,29.548994745751926,-1.5540425872258976,29.55878135329433,-1.5442913873762802
Amajyaruguru,Musanze,Busogo,Gisesero,Kabaya,29.554001227189335,-1.5685223935858108,118.49293615110237,29.548456869577194,-1.5765746925445328,29.55922957411364,-1.5610619876552174
Amajyaruguru,Musanze,Busogo,Gisesero,Nengo,29.563707150040685,-1.5425355218007346,108.45231692374873,29.55750533618911,-1.549367080648012,29.570488660048582,-1.5357698322420792
Amajyaruguru,Musanze,Busogo,Kavumu,Gatovu,29.576194489565314,-1.5693286702638984,121.02106364473063,29.568871222832676,-1.5750337973363653,29.583788594781144,-1.5639313586329626
Amajyaruguru,Musanze,Busogo,Kavumu,Karema,29.569210900146647,-1.5759616361017892,122.28775934918463,29.56107970187253,-1.5861348053067104,29.575678544839334,-1.5674816499377102
Amajyaruguru,Musanze,Busogo,Kavumu,Karuriza,29.560308042455688,-1.5646748029919375,48.3785405630491,29.554835044995137,-1.5698127849732548,29.56788703112479,-1.5609330032896218
Amajyaruguru,Musanze,Busogo,Kavumu,Mutaboneka,29.565131070573237,-1.5674926941926262,64.63014173979292,29.559115133220146,-1.5716170180380202,29.57045813567519,-1.5631680613172376
Amajyaruguru,Musanze,Busogo,Kavumu,Rugeshi,29.578393160277102,-1.579480847460591,143.45125564082002,29.572071751176072,-1.5886856476837605,29.584181507742308,-1.571938888502726
Amajyaruguru,Musanze,Busogo,Nyagisozi,Cyasure,29.578140558106305,-1.547910368738055,129.30880168092233,29.57185050546761,-1.5558846158016029,29.584805217441787,-1.5411780022187869
Amajyaruguru,Musanze,Busogo,Nyagisozi,Gora,29.574153962929937,-1.558651111672973,142.9962042835824,29.56851645618932,-1.5654987232116477,29.579638206091634,-1.5510729684728586
Amajyaruguru,Musanze,Busogo,Nyagisozi,Kabwenge,29.565142273832834,-1.556142045356174,159.81896455385842,29.55606909973863,-1.5632566339751686,29.573490824330094,-1.5456881629099195
Amajyaruguru,Musanze,Busogo,Nyagisozi,Kirezi,29.568294943967462,-1.5463893698517408,89.17846241712462,29.559361187152607,-1.5520246143296756,29.57492705962182,-1.539870514370763
Amajyaruguru,Musanze,Busogo,Nyagisozi,Rurembo,29.57423508526003,-1.534769318538927,129.0361579456935,29.565922468383214,-1.5435246378189078,29.580761643786346,-1.5235273995237493
Amajyaruguru,Musanze,Busogo,Sahara,Nyarubuye,29.546724475556886,-1.5617321231794745,102.36348692214814,29.54046507994811,-1.568176277191476,29.55218192304593,-1.5544254853711508
Amajyaruguru,Musanze,Busogo,Sahara,Nyiragaju,29.540464704605462,-1.5685751461167023,109.8267794739574,29.533531865760217,-1.574596767920487,29.548094473262914,-1.5631628094194472
Amajyaruguru,Musanze,Busogo,Sahara,Rubaya,29.53075591622058,-1.56741474712153,104.76988740015369,29.52216979047249,-1.5725024970430028,29.537649833056676,-1.5606882611358626
Amajyaruguru,Musanze,Busogo,Sahara,Ryamukutsi,29.53939639654666,-1.5583579266475809,103.00803220564609,29.53177901488483,-1.5645810417196877,29.546755517807426,-1.5508990350873681
Amajyaruguru,Musanze,Cyuve,Bukinanyana,Bubandu,29.655957973018293,-1.4943314778398518,95.35131868184251,29.649660805156454,-1.4992812006613507,29.664204338573036,-1.489068184568685
Amajyaruguru,Musanze,Cyuve,Bukinanyana,Mubwiza,29.679458715276947,-1.4818324959631508,125.87503853869781,29.674584132348276,-1.4897723586420428,29.686487895913185,-1.4745859303095348
Amajyaruguru,Musanze,Cyuve,Bukinanyana,Murambi,29.67003039366712,-1.4813753690259255,119.47210247557224,29.660574656342845,-1.4877832304332888,29.678620084029077,-1.471409717633551
Amajyaruguru,Musanze,Cyuve,Bukinanyana,Mwidagaduro,29.672757845615365,-1.487435688821429,50.84185565416784,29.668623666312083,-1.4912115707486187,29.676218729220434,-1.4826010850975757
Amajyaruguru,Musanze,Cyuve,Bukinanyana,Mwirongi,29.664296587203992,-1.4897971656669442,61.95286513839385,29.658940057483544,-1.4933383824117827,29.66942093849919,-1.486098682633572
Amajyaruguru,Musanze,Cyuve,Bukinanyana,Rugeshi,29.669317833097733,-1.495270933596126,91.69072123851547,29.660608985743867,-1.5000068328697307,29.676274039607833,-1.490347185160511
Amajyaruguru,Musanze,Cyuve,Buruba,Bazizana,29.648182828422204,-1.4748935846438074,118.16927491490713,29.642185910293065,-1.482449324818466,29.654265149129326,-1.4676230285161402
Amajyaruguru,Musanze,Cyuve,Buruba,Kabahama,29.660128582921185,-1.4678294433210475,88.26455774584376,29.655045256867364,-1.4753085722016397,29.665398344379472,-1.461042797298091
Amajyaruguru,Musanze,Cyuve,Buruba,Kamenantare,29.66692259881896,-1.474983871588,121.23217043696611,29.658665402473186,-1.4817874802718156,29.67402909583596,-1.4700067406954156
Amajyaruguru,Musanze,Cyuve,Buruba,Ruhindinka,29.652279710272374,-1.4834646278306196,130.28435735125763,29.647005778500315,-1.492077503218082,29.657192928198526,-1.475596699990593
Amajyaruguru,Musanze,Cyuve,Buruba,Rutemba,29.659794710351488,-1.4840980371800476,91.07102842278941,29.653441170593688,-1.4923256972085834,29.66710923438347,-1.4767440924671924
Amajyaruguru,Musanze,Cyuve,Buruba,Ruvumu,29.65696229012657,-1.4743408376061893,78.1795390616405,29.652006850260165,-1.479854737705224,29.663737041870107,-1.4665766101103885
Amajyaruguru,Musanze,Cyuve,Cyanya,Kabaya,29.665512857537287,-1.4524383411252217,104.95419086767127,29.660349597105814,-1.4593960401928323,29.670752276704107,-1.446348227897535
Amajyaruguru,Musanze,Cyuve,Cyanya,Karugabanya,29.670939869264465,-1.4522596452472138,27.65115759016632,29.668654191692813,-1.4565357341863068,29.672869432607452,-1.4462603709854207
Amajyaruguru,Musanze,Cyuve,Cyanya,Kayange,29.670040601189715,-1.4627060115403938,108.71385005581654,29.66501115339885,-1.471068419841231,29.676468598429278,-1.4546232605794582
Amajyaruguru,Musanze,Cyuve,Cyanya,Kibande,29.6758257524205,-1.463647420673666,98.05858246435886,29.670378432130768,-1.4720567842569914,29.681587920836325,-1.456288138689064
Amajyaruguru,Musanze,Cyuve,Cyanya,Mubari,29.68049939251178,-1.4727813289039642,115.67945622506761,29.67137597451709,-1.4792308029515842,29.688612682956162,-1.4666130935466657
Amajyaruguru,Musanze,Cyuve,Cyanya,Mubuga,29.691098456388893,-1.4656048538318125,80.91567317127497,29.686917052059,-1.4722013900584323,29.694426284152406,-1.4590049219128747
Amajyaruguru,Musanze,Cyuve,Cyanya,Mugarama,29.685082651670854,-1.4699117040487268,70.26871969302537,29.677376494546227,-1.4763957681515945,29.691691144635215,-1.4643183156138633
Amajyaruguru,Musanze,Cyuve,Cyanya,Rebero,29.684467545615252,-1.4629939969052344,63.82102801833714,29.679672943671566,-1.4690099178650984,29.689526306331302,-1.457348029037578
Amajyaruguru,Musanze,Cyuve,Cyanya,Ruhehe,29.664833666918966,-1.462000069699071,53.716712983885046,29.66156648331504,-1.4667513732652997,29.66758607529088,-1.4571485888375362
Amajyaruguru,Musanze,Cyuve,Kabeza,Bucuzi,29.62605951308713,-1.4822694011367652,35.74246157003785,29.62281487635129,-1.4862387447297747,29.629204493694754,-1.4780292780559225
Amajyaruguru,Musanze,Cyuve,Kabeza,Gashangiro,29.622690398808395,-1.4737369211390612,69.34490191848066,29.618315443910728,-1.4810847304680286,29.62692330601147,-1.467487003406783
Amajyaruguru,Musanze,Cyuve,Kabeza,Kareba,29.629343882713144,-1.4722104267394889,96.35371324936007,29.623806700497852,-1.4780997308706691,29.635155424387975,-1.4663718022728993
Amajyaruguru,Musanze,Cyuve,Kabeza,Karinzi,29.635697317741183,-1.478566130576464,166.41491728221155,29.62692330601147,-1.4844306984029376,29.644692164955078,-1.4708980612455613
Amajyaruguru,Musanze,Cyuve,Kabeza,Karunyura,29.633623107232232,-1.4856679835610238,84.55813794246173,29.624912958597264,-1.4905693800608224,29.644442302187542,-1.4813230344767148
Amajyaruguru,Musanze,Cyuve,Kabeza,Kungo,29.637083512070394,-1.4887873736998707,95.37570247160338,29.62961457207138,-1.4961053417931176,29.646206599559708,-1.48200968053423
Amajyaruguru,Musanze,Cyuve,Migeshi,Buremu,29.639048431676848,-1.4659707468392689,102.30386529914757,29.63322709502226,-1.4724963007063638,29.644879089925258,-1.4597363783368422
Amajyaruguru,Musanze,Cyuve,Migeshi,Gakenke,29.64814695690098,-1.4566354241146364,54.317161360691976,29.64342378443968,-1.4609213189683707,29.653935182338056,-1.4535520394674304
Amajyaruguru,Musanze,Cyuve,Migeshi,Kabaya,29.657730348271556,-1.4565731796964858,104.96446107265278,29.65268968450762,-1.4653201445838044,29.6619212505842,-1.4499860154215127
Amajyaruguru,Musanze,Cyuve,Migeshi,Kamanga,29.637743464035257,-1.455206826865139,90.87251228002945,29.63016008217992,-1.4600780307031793,29.64423059252514,-1.4507940110935675
Amajyaruguru,Musanze,Cyuve,Migeshi,Kiviriza,29.644447164127232,-1.4682885221261903,90.99977728947407,29.638087018860606,-1.4751479936411664,29.64988969319802,-1.4596755823902547
Amajyaruguru,Musanze,Cyuve,Migeshi,Mugari,29.63572247312614,-1.461092880674602,79.56147644162576,29.630093324560555,-1.4687530087424645,29.644781815831358,-1.456236986479671
Amajyaruguru,Musanze,Cyuve,Migeshi,Nyaruyaga,29.651920338848516,-1.462649731956814,92.92436996490451,29.646879899016355,-1.4680039017084385,29.656630264061597,-1.4566394427127711
Amajyaruguru,Musanze,Cyuve,Migeshi,Rabika,29.647703321293925,-1.4523717043060507,50.50158876962785,29.64240716832146,-1.4552707982373712,29.65328668499265,-1.4496735656889532
Amajyaruguru,Musanze,Cyuve,Rwebeya,Marantima,29.645228217174953,-1.4896752553979324,87.28631561481309,29.638802270632148,-1.4945804186372171,29.650269250171892,-1.4818846306362845
Amajyaruguru,Musanze,Cyuve,Rwebeya,Mubuga,29.630059363611654,-1.4979745842378436,20.86137096268085,29.62627861735503,-1.5039202264657485,29.635815359222594,-1.493229773857658
Amajyaruguru,Musanze,Cyuve,Rwebeya,Nganzo,29.635849082950912,-1.495417311321476,19.966914570062666,29.633215644826635,-1.4988718325390136,29.6378047254463,-1.4916109139467215
Amajyaruguru,Musanze,Cyuve,Rwebeya,Nyarubande,29.639182404705554,-1.4929653038767585,30.52641656893766,29.63640854749463,-1.4968151150087148,29.64210007549935,-1.4890331328575375
Amajyaruguru,Musanze,Cyuve,Rwebeya,Nyiraruhengeri,29.631777704083547,-1.49633055903861,51.74993615475362,29.62649224197533,-1.5035633139652762,29.636873938045536,-1.4902894772059716
Amajyaruguru,Musanze,Gacaca,Gakoro,Butunda,29.703831380286122,-1.4849108603410872,111.28109345551178,29.696409921834174,-1.4904463757436555,29.710285883435198,-1.4791250673648313
Amajyaruguru,Musanze,Gacaca,Gakoro,Cyiri,29.706217491808967,-1.4751682580691559,149.82976814369988,29.69912598791965,-1.4809935550190132,29.714565975541756,-1.4677980400865225
Amajyaruguru,Musanze,Gacaca,Gakoro,Gahama,29.694407975882665,-1.4773094841980055,154.89312214477664,29.686547023736875,-1.4860231122221614,29.699957592267275,-1.4668362573955323
Amajyaruguru,Musanze,Gacaca,Gakoro,Murora,29.715715371754445,-1.487798346800605,271.0569981683232,29.70781968250032,-1.4983364819200984,29.72498200260214,-1.476976800495732
Amajyaruguru,Musanze,Gacaca,Gakoro,Murundo,29.69833166704408,-1.4665470220579844,122.36856086881997,29.69377015729202,-1.4776676147973062,29.703070387575025,-1.4577215156016197
Amajyaruguru,Musanze,Gacaca,Gakoro,Nkomero,29.70335522103249,-1.4944149275836827,167.045157991569,29.694578864755243,-1.5013838266620596,29.711146094379938,-1.4871947021566148
Amajyaruguru,Musanze,Gacaca,Gasakuza,Gasenyi,29.72227113666731,-1.5012671114046972,341.1438052282015,29.709820487055275,-1.512191701928273,29.732445455113865,-1.4913576166752054
Amajyaruguru,Musanze,Gacaca,Gasakuza,Gataba,29.71180394392849,-1.5083789015838764,66.28200380500385,29.7065760845853,-1.513009952684808,29.71686241581336,-1.5024184464516674
Amajyaruguru,Musanze,Gacaca,Gasakuza,Karushenyi,29.705400603104177,-1.5128283729320724,59.130355572664726,29.700527881458125,-1.516219303379121,29.71179840410228,-1.5087221130420976
Amajyaruguru,Musanze,Gacaca,Gasakuza,Nyamugari,29.696966823526108,-1.5247729714018199,111.55396799581507,29.689993591744916,-1.5308103997395022,29.703911514623254,-1.5183302607148004
Amajyaruguru,Musanze,Gacaca,Gasakuza,Ruhasa,29.70742537286732,-1.5182286920124124,137.1554945945675,29.699045869927193,-1.525335357570835,29.717037890959258,-1.5084208736256288
Amajyaruguru,Musanze,Gacaca,Gasakuza,Rurambo,29.70613379274384,-1.5043858402848398,106.88311974368557,29.700495458691346,-1.511410638678051,29.712403036134493,-1.498436378737245
Amajyaruguru,Musanze,Gacaca,Kabirizi,Gitovu,29.675557986753162,-1.5242097933561938,152.59086221833775,29.665005417208835,-1.5315372123353514,29.68785926850792,-1.51797894680584
Amajyaruguru,Musanze,Gacaca,Kabirizi,Kabushanda,29.67783447506154,-1.5161098433735296,143.56383389169594,29.665596695639543,-1.5259051686369391,29.68785545680454,-1.5090153629732095
Amajyaruguru,Musanze,Gacaca,Kabirizi,Kanama,29.694700899594473,-1.5129501867425375,132.8571868285795,29.686032032700385,-1.5218419268706862,29.702173922173564,-1.5044143616415708
Amajyaruguru,Musanze,Gacaca,Kabirizi,Karama,29.687769289977812,-1.5311020698136875,180.6037951564813,29.678429335769277,-1.5375116276736018,29.696455686902187,-1.5249114443815266
Amajyaruguru,Musanze,Gacaca,Kabirizi,Mata,29.67958937655802,-1.5040729712030119,170.60172434335368,29.67277977511107,-1.511819282476856,29.68792030846487,-1.4951056635423312
Amajyaruguru,Musanze,Gacaca,Kabirizi,Mukungwa,29.677216929735714,-1.5324753440899497,121.95199981397397,29.669357985354797,-1.537908475065748,29.68508026033343,-1.52578405523785
Amajyaruguru,Musanze,Gacaca,Kabirizi,Rungu,29.688582603053156,-1.5189110235935412,141.10761767488495,29.681843491892,-1.5256298004117628,29.69456550717246,-1.5115830129825132
Amajyaruguru,Musanze,Gacaca,Karwasa,Burengo,29.69550858753652,-1.5058491144212818,92.85610026968195,29.687952733634628,-1.511410638678051,29.701424336326685,-1.5009725525593904
Amajyaruguru,Musanze,Gacaca,Karwasa,Kabukende,29.69246924858301,-1.4883514383419882,144.9409180981466,29.68519662061616,-1.4965446420852986,29.698731163842545,-1.4791620192060593
Amajyaruguru,Musanze,Gacaca,Karwasa,Karambi,29.68621726909377,-1.498871390326105,119.99351023263499,29.67812798310923,-1.5049430552657839,29.693051077880604,-1.4936280653019283
Amajyaruguru,Musanze,Gacaca,Karwasa,Kavumu,29.682573089432708,-1.4902744260865384,167.45921720602476,29.672793129329598,-1.497306147199171,29.690150003091194,-1.4803990536728002
Amajyaruguru,Musanze,Gacaca,Karwasa,Sarazi,29.69633338072217,-1.4998566516465122,61.8938761149666,29.6904685268117,-1.503328010144646,29.702646948226363,-1.4949540334743396
Amajyaruguru,Musanze,Gashaki,Kigabiro,Birwa,29.732748267413776,-1.503764130824717,43.203908850190565,29.72973702192191,-1.514092735863715,29.73758385106318,-1.4933550877551345
Amajyaruguru,Musanze,Gashaki,Kigabiro,Butate,29.744970392469114,-1.503858908013625,183.71303538908765,29.732138372627293,-1.5104864191768828,29.758345342544295,-1.4974547014003592
Amajyaruguru,Musanze,Gashaki,Kigabiro,Buzoza,29.755028800774266,-1.5183051809498407,110.38809690752427,29.746287080314115,-1.524136957629694,29.763403627422942,-1.512518465503576
Amajyaruguru,Musanze,Gashaki,Kigabiro,Kavumu,29.752925205610424,-1.508503427005417,142.1357795144374,29.742409442759282,-1.5136314008788383,29.761500095261788,-1.5019618859729422
Amajyaruguru,Musanze,Gashaki,Kigabiro,Musekera,29.74305895349885,-1.4938369022297548,385.64807967603554,29.729426125239854,-1.5022935226744707,29.756022192995683,-1.4818190896775445
Amajyaruguru,Musanze,Gashaki,Kigabiro,Shanga,29.75162283358479,-1.5142821025790274,89.30082301475363,29.741909717033927,-1.5196984371375843,29.76221535038385,-1.5099534390572937
Amajyaruguru,Musanze,Gashaki,Kivumu,Burango,29.74029979169817,-1.5174439006680422,239.38155650696646,29.730555270112387,-1.5268596958932599,29.750847549829246,-1.507248932609293
Amajyaruguru,Musanze,Gashaki,Kivumu,Kamatete,29.75805879176133,-1.5254108365438077,178.45217761553317,29.75021812432288,-1.532088934034593,29.764960021337803,-1.5173545482306012
Amajyaruguru,Musanze,Gashaki,Kivumu,Makara,29.74544289990669,-1.528205880945677,51.04084929570211,29.739550323327386,-1.5317366680846982,29.750761718036102,-1.5248642514483008
Amajyaruguru,Musanze,Gashaki,Kivumu,Nyakariba,29.756611575427616,-1.533578477094681,110.0948329100544,29.745836942175483,-1.5379959904280391,29.765263288142705,-1.529465377913499
Amajyaruguru,Musanze,Gashaki,Kivumu,Ruhehe,29.745566901638583,-1.532076237009565,47.101639979953916,29.740221709362014,-1.5358950455100706,29.75197669861947,-1.5287435622005796
Amajyaruguru,Musanze,Gashaki,Mbwe,Budiho,29.749473454288108,-1.5795685517285212,86.53907585335777,29.744780260217542,-1.5853785839334855,29.75356360039786,-1.574496207155218
Amajyaruguru,Musanze,Gashaki,Mbwe,Gatete,29.746400506166314,-1.560610349597607,143.27521881539246,29.737745964326027,-1.565908605674823,29.75674697033805,-1.5548301282917794
Amajyaruguru,Musanze,Gashaki,Mbwe,Kamato,29.748574384741236,-1.5696739882722859,106.24918653684789,29.74241324426919,-1.5752442442738968,29.754070959751846,-1.5628059482524947
Amajyaruguru,Musanze,Gashaki,Mbwe,Kanzo,29.736680099422212,-1.5740342886714744,149.6417895959036,29.728066165338866,-1.5815130994396176,29.745503147355382,-1.5686141799433255
Amajyaruguru,Musanze,Gashaki,Mbwe,Ngambi,29.740362555688485,-1.5802680161287486,109.84303271036897,29.73292799581027,-1.5847131546512583,29.74638433982408,-1.5727705316560774
Amajyaruguru,Musanze,Gashaki,Mbwe,Raro,29.737751195683405,-1.5650735399253186,95.26619156893166,29.73150130260601,-1.5710688162666069,29.743553838361326,-1.5568374930500601
Amajyaruguru,Musanze,Gashaki,Muharuro,Bugabo,29.7516860182325,-1.553669210294152,168.28999996240887,29.739647591580038,-1.559894738652343,29.76174422641135,-1.5476600508300287
Amajyaruguru,Musanze,Gashaki,Muharuro,Karuganda,29.745408597766318,-1.5479994397372672,60.32991653071402,29.741072381427006,-1.5522492486251211,29.749878610571084,-1.5424160322910074
Amajyaruguru,Musanze,Gashaki,Muharuro,Kibinyogote,29.740718050503,-1.5424690892748376,174.81072243164286,29.734398570937667,-1.553970748520194,29.7475287599327,-1.5332922288710351
Amajyaruguru,Musanze,Gashaki,Muharuro,Mucaca,29.755141415124633,-1.5455913697610433,131.294925007627,29.746794429550736,-1.551500854247141,29.76401969487068,-1.5409223407717867
Amajyaruguru,Musanze,Gashaki,Muharuro,Murandi,29.756615089608566,-1.539131091615945,133.13031154949866,29.74657127026954,-1.5431686046768702,29.765263288142705,-1.5346183185124753
Amajyaruguru,Musanze,Gataraga,Mudakama,Gakuku,29.533286803913043,-1.5261160361640855,141.4240455925967,29.524033279733175,-1.5308904712298381,29.54325172437238,-1.5200107124257565
Amajyaruguru,Musanze,Gataraga,Mudakama,Kagongo,29.500743124631942,-1.5290825011540314,434.72007618823426,29.452494360101614,-1.541718961972018,29.52797004544418,-1.5071154680970504
Amajyaruguru,Musanze,Gataraga,Mudakama,Kararo,29.507568207350264,-1.5190909559751473,676.2975877737402,29.47457001094494,-1.5343984398884845,29.530071944729276,-1.5092276296953628
Amajyaruguru,Musanze,Gataraga,Mudakama,Mikingo,29.508595475308343,-1.5275519775426911,193.11043512772713,29.473820422937035,-1.5392477553022696,29.533386915639607,-1.5160348316359906
Amajyaruguru,Musanze,Gataraga,Mudakama,Rubaka,29.531024625261256,-1.5422627201203163,82.96563626862134,29.524910657049688,-1.5475243380452635,29.537005153465998,-1.5363543062774143
Amajyaruguru,Musanze,Gataraga,Murago,Karurambi,29.53665150551592,-1.5526321102851406,97.13466055730055,29.531597818677625,-1.5596846397501645,29.542767252726488,-1.547347311823121
Amajyaruguru,Musanze,Gataraga,Murago,Manjari,29.544198245576247,-1.5469655900328487,119.18610889042539,29.534416881981276,-1.5516562541261205,29.552065578716437,-1.5427633573768826
Amajyaruguru,Musanze,Gataraga,Murago,Rukingo,29.546880221439718,-1.5375748421236564,105.04251887750644,29.54204818426554,-1.5447400887335592,29.55300971668093,-1.5298187808280375
Amajyaruguru,Musanze,Gataraga,Murago,Rusambu,29.53830578733679,-1.539628940626744,79.60962297849025,29.532688825509723,-1.5442864954044078,29.54419204501247,-1.5350978419435353
Amajyaruguru,Musanze,Gataraga,Murago,Rwinzovu,29.537577053323314,-1.5329850898949775,110.31234980693823,29.529484481787144,-1.5381863184035474,29.54434272671216,-1.5281490138835612
Amajyaruguru,Musanze,Gataraga,Rubindi,Butakanyundo,29.551282732048254,-1.5273765026305852,191.45506527755418,29.540287705451988,-1.5355215170251835,29.560070725106687,-1.5215967974265965
Amajyaruguru,Musanze,Gataraga,Rubindi,Gacondo,29.558322203996894,-1.522347197128201,76.6003701806688,29.5490386219369,-1.5258298028811261,29.570076676826833,-1.5182896935911205
Amajyaruguru,Musanze,Gataraga,Rubindi,Gataraga,29.573566005574584,-1.5277348424850763,129.27693579301354,29.566702574902205,-1.536714687115219,29.583208772328348,-1.5205788763224173
Amajyaruguru,Musanze,Gataraga,Rubindi,Kabaya,29.564089528715726,-1.5302709959724994,127.93377638517909,29.55831405566989,-1.537750135938856,29.571783753574564,-1.523399485376308
Amajyaruguru,Musanze,Gataraga,Rubindi,Kaberege,29.554616587134927,-1.5386240547057135,140.6333522109223,29.547512738486233,-1.5445785612161285,29.561474531112232,-1.5311893308284164
Amajyaruguru,Musanze,Gataraga,Rungu,Gahira,29.48988138531128,-1.53829010594543,714.868909199015,29.450012899756985,-1.5566538555729683,29.51545211334333,-1.506214364481812
Amajyaruguru,Musanze,Gataraga,Rungu,Gatondori,29.494293199484197,-1.5495294206690404,662.7976028385232,29.451561666416605,-1.5694241537701292,29.5294901957156,-1.5079886759145111
Amajyaruguru,Musanze,Gataraga,Rungu,Gatovu,29.527092772151022,-1.5485508042972733,100.08798219880882,29.519301142483958,-1.5528206862613967,29.534420695930113,-1.5416944048488506
Amajyaruguru,Musanze,Gataraga,Rungu,Kampande,29.523119096551525,-1.5562346919263508,217.74371595407854,29.51031180732326,-1.5642838509917592,29.533507074125804,-1.5495880840767535
Amajyaruguru,Musanze,Gataraga,Rungu,Nyarubande,29.499058461198352,-1.5346322966426573,465.09504075906455,29.450012899756985,-1.5512133844474834,29.52525397964893,-1.506082638220586
Amajyaruguru,Musanze,Kimonyi,Birira,Gakoro,29.607080056712086,-1.5254614024694424,143.83313965408828,29.602108688346284,-1.5335722180400506,29.612984391180476,-1.5169466958299163
Amajyaruguru,Musanze,Kimonyi,Birira,Kabagoyi,29.601133126342212,-1.5096329927377212,15.893518336566522,29.59796020946089,-1.5114906043095453,29.60408852088097,-1.5075702879582014
Amajyaruguru,Musanze,Kimonyi,Birira,Kadahenda,29.614907055410388,-1.5191718251513402,89.6204956668935,29.609802934889483,-1.5246073240344657,29.620030138586436,-1.5132241492476006
Amajyaruguru,Musanze,Kimonyi,Birira,Mbugayera,29.595801748670098,-1.516898117009952,260.6233522967725,29.58248398197602,-1.5275781363705254,29.608303759474413,-1.5099502975421812
Amajyaruguru,Musanze,Kimonyi,Birira,Rurembo,29.608635051439233,-1.511925451814943,113.90104902120135,29.601952289897,-1.5182178249978393,29.616291736489863,-1.505618594594617
Amajyaruguru,Musanze,Kimonyi,Buramira,Kabaya,29.58710743802925,-1.5357113544432581,44.325250174013604,29.58343383622331,-1.540118354526765,29.5913912941242,-1.532221333810071
Amajyaruguru,Musanze,Kimonyi,Buramira,Kagwene,29.586059367364115,-1.524940948413422,83.87021572162735,29.58217880420045,-1.532921689073008,29.590399477198044,-1.5165027547990835
Amajyaruguru,Musanze,Kimonyi,Buramira,Kamugeni,29.592951850306402,-1.5260724100386207,132.6243400655374,29.58698532218764,-1.5324045602510916,29.600676269940838,-1.5200246754045696
Amajyaruguru,Musanze,Kimonyi,Buramira,Nyiramuyenzi,29.596618736501192,-1.5393597584694978,125.25391902824578,29.588453976323905,-1.546231764654081,29.605400769573066,-1.532364150988354
Amajyaruguru,Musanze,Kimonyi,Buramira,Ruhinga,29.596559047779408,-1.5325809359745994,91.43613497707724,29.588694304512252,-1.5383837405347038,29.602650374810914,-1.5263667313131792
Amajyaruguru,Musanze,Kimonyi,Kivumu,Masoro,29.57894897354475,-1.5067090629797586,120.88676603429676,29.571022726933382,-1.513635651549565,29.587446904053675,-1.499522342586718
Amajyaruguru,Musanze,Kimonyi,Kivumu,Muregeya,29.588724603816548,-1.5014222058804874,92.18581450126315,29.584496238334427,-1.5095144684143604,29.59421990157629,-1.4959010062496847
Amajyaruguru,Musanze,Kimonyi,Kivumu,Musezero,29.595458407078596,-1.506627680269351,156.7951746292364,29.587349629511387,-1.513829489502105,29.603924489332076,-1.4993822763313993
Amajyaruguru,Musanze,Kimonyi,Kivumu,Ndorahe,29.578655781429013,-1.4990070619555091,148.3950444309208,29.567812660226366,-1.5063393283899726,29.58649895474678,-1.4921906134649396
Amajyaruguru,Musanze,Kimonyi,Kivumu,Nyamugari,29.600157963052336,-1.5011998686376438,58.981608992934355,29.592636802672978,-1.5073430751927557,29.608019567283982,-1.4960378598170123
Amajyaruguru,Musanze,Kimonyi,Mbizi,Buhuma,29.582283496681555,-1.5599569566952283,78.469679947519,29.57755919557841,-1.5649843364740463,29.588490211558508,-1.5537730606090747
Amajyaruguru,Musanze,Kimonyi,Mbizi,Bushubi,29.58524130216728,-1.5670483678522997,63.38814842020044,29.578970633578518,-1.5707982941241598,29.591185293385326,-1.5630033178458878
Amajyaruguru,Musanze,Kimonyi,Mbizi,Gatumo,29.581563470463536,-1.5347537617263214,138.47021609286577,29.576943127826457,-1.543912425835707,29.5875975778988,-1.5229107304054936
Amajyaruguru,Musanze,Kimonyi,Mbizi,Rugondo,29.586888848695178,-1.5500420565652637,176.6386931146698,29.57982322169611,-1.560649412432493,29.592850412304465,-1.5375865871143193
Amajyaruguru,Musanze,Kinigi,Bisoke,Bunyenyeri,29.505320712551285,-1.454669570048023,250.6400364035692,29.48585580675639,-1.459494946855668,29.521099795440566,-1.44710862721046
Amajyaruguru,Musanze,Kinigi,Bisoke,Kamata,29.53443753382385,-1.4614623142630117,109.81735008048929,29.529183137886502,-1.4680221122514867,29.540241944900895,-1.4554673482538347
Amajyaruguru,Musanze,Kinigi,Bisoke,Karambi,29.51921602348885,-1.465523672250916,70.33811113146635,29.513411270585948,-1.4689615970929246,29.5248038632221,-1.4609259384965467
Amajyaruguru,Musanze,Kinigi,Bisoke,Kazi,29.497651695204247,-1.46862832500628,808.3504095693748,29.475691542885084,-1.481893655422707,29.517605527859065,-1.457288139076857
Amajyaruguru,Musanze,Kinigi,Bisoke,Kumazi,29.518087233510034,-1.458956500827857,110.9576985142705,29.510597932829146,-1.4645811316178046,29.525696504302218,-1.4532465954318072
Amajyaruguru,Musanze,Kinigi,Bisoke,Shonero,29.527126774900808,-1.4649068878168674,97.32244835897298,29.52211259585075,-1.4725276264591087,29.53184770157324,-1.4581606423246092
Amajyaruguru,Musanze,Kinigi,Bisoke,Susa,29.522532330116523,-1.4724070287029014,94.96469774255321,29.515608535237472,-1.4772951627818547,29.529761060462945,-1.4678196925689373
Amajyaruguru,Musanze,Kinigi,Kaguhu,Impano,29.527180037870494,-1.4549987597042475,58.72716056499567,29.522648562672842,-1.4595341709319645,29.531635988516257,-1.4502835308530808
Amajyaruguru,Musanze,Kinigi,Kaguhu,Kabeza,29.539365714895375,-1.4415498376123477,86.1191270169584,29.532913916014728,-1.446734076132719,29.54535555049738,-1.4363120862028043
Amajyaruguru,Musanze,Kinigi,Kaguhu,Kaniga,29.535404176564022,-1.4528650503626015,104.65516115924248,29.528906574213824,-1.4589052260008013,29.54187463633775,-1.446599012083244
Amajyaruguru,Musanze,Kinigi,Kaguhu,Musingi,29.54874741909365,-1.4373294553272997,97.65914833859884,29.54232858981022,-1.4428933933618477,29.554999106169195,-1.4315768573019634
Amajyaruguru,Musanze,Kinigi,Kaguhu,Myase,29.504051824961483,-1.4458244956292403,340.47565027584346,29.48952745395139,-1.4536122058488912,29.51612543160862,-1.4336314185078098
Amajyaruguru,Musanze,Kinigi,Kaguhu,Nyarusizi,29.516805895650272,-1.4390734990299212,191.65085028450665,29.507492775183803,-1.448090196057009,29.52503656534741,-1.4307131772867698
Amajyaruguru,Musanze,Kinigi,Kaguhu,Nyundo,29.531406201719953,-1.4452967234670209,72.40467283200074,29.526631108983054,-1.4502649342103724,29.536669483928716,-1.4404584214228309
Amajyaruguru,Musanze,Kinigi,Kaguhu,Rugeshi,29.54212836067766,-1.4488532370950336,82.581179260201,29.53693079075258,-1.4551134175337945,29.547260990102536,-1.4433310104249284
Amajyaruguru,Musanze,Kinigi,Kaguhu,Ruginga,29.523673289547723,-1.4486662798165626,79.73053763411328,29.518177738955387,-1.4540697352136793,29.52893327709911,-1.4432470828056068
Amajyaruguru,Musanze,Kinigi,Kaguhu,Rurembo,29.551044872917902,-1.4443287183737594,102.17817599097522,29.544356099724094,-1.4500163872624983,29.55789636714104,-1.438615808774014
Amajyaruguru,Musanze,Kinigi,Kampanga,Kamakara,29.553717491001365,-1.4524330747845786,181.13347539701638,29.543530215473307,-1.4577140929271057,29.56578134352665,-1.4452755556180725
Amajyaruguru,Musanze,Kinigi,Kampanga,Muhe,29.585033125255784,-1.445390259051484,42.00152309069393,29.580176107240124,-1.4500349935145587,29.589468708059847,-1.4412888447811587
Amajyaruguru,Musanze,Kinigi,Kampanga,Nyarubande,29.55398894606341,-1.4584441754502013,128.49811646440307,29.54100107032037,-1.4616112789435318,29.566315400459068,-1.4529650281328674
Amajyaruguru,Musanze,Kinigi,Kampanga,Nyejoro,29.581438150947616,-1.4477495862492828,35.12997853533149,29.57685159736326,-1.4503989379068114,29.586853732822096,-1.4444466990311882
Amajyaruguru,Musanze,Kinigi,Kampanga,Rubara,29.57536827762583,-1.4489738077452767,28.39925443819051,29.572094669895954,-1.4521445179788623,29.579039325517197,-1.4461865570520023
Amajyaruguru,Musanze,Kinigi,Kampanga,Rugi,29.565068054641802,-1.438439002996786,388.9784633205934,29.551790948319667,-1.449631346828244,29.581087819255593,-1.4270917268460586
Amajyaruguru,Musanze,Kinigi,Kampanga,Rutindo,29.565789555035106,-1.449513505300965,147.88615283958976,29.558171025208996,-1.457135332076804,29.57410501410865,-1.4423517116827764
Amajyaruguru,Musanze,Kinigi,Nyabigoma,Cyabirego,29.550793831325638,-1.4156979900238231,149.71648548570514,29.540730239315423,-1.4289292200486416,29.55855440729465,-1.401927717028759
Amajyaruguru,Musanze,Kinigi,Nyabigoma,Gahura,29.52785615146988,-1.4387826798073942,82.78366988527355,29.52221559830785,-1.444027664845536,29.533617727728323,-1.4335016052103458
Amajyaruguru,Musanze,Kinigi,Nyabigoma,Gasizi,29.546415623914765,-1.4304121377572663,102.85027809327934,29.539992089420487,-1.4361347028707865,29.55260157062706,-1.4247548666481005
Amajyaruguru,Musanze,Kinigi,Nyabigoma,Kabatwa,29.557661180621277,-1.4075152857702207,495.17542267586265,29.54458308408045,-1.422263751984905,29.569161176161334,-1.392153153875932
Amajyaruguru,Musanze,Kinigi,Nyabigoma,Karyasenge,29.543676442429096,-1.4167023077907936,277.02985979166095,29.534039259416673,-1.4281917878437025,29.553793664607745,-1.404213196589011
Amajyaruguru,Musanze,Kinigi,Nyabigoma,Mitobo,29.577274191834647,-1.4035262662962624,1074.770105971909,29.554962877621676,-1.4247459344126918,29.593634365306816,-1.3866748942449123
Amajyaruguru,Musanze,Kinigi,Nyabigoma,Nyakagezi,29.53672261049938,-1.4347671994633189,90.56731337940803,29.530665153604627,-1.440158371812119,29.542656653822707,-1.4292880359066444
Amajyaruguru,Musanze,Kinigi,Nyabigoma,Nyakigina,29.52974898167138,-1.4230906048061327,534.6864014931574,29.51650499812699,-1.4373462219367052,29.542309518259817,-1.4080342095821325
Amajyaruguru,Musanze,Kinigi,Nyabigoma,Rebero,29.56216950631107,-1.4238407506215967,88.22827581459434,29.556980843698557,-1.4295474406640347,29.568587062649108,-1.4176668060238835
Amajyaruguru,Musanze,Kinigi,Nyonirima,Bazizana,29.581322507624122,-1.4283585850730338,83.67793824818476,29.574736351504793,-1.4322954563290269,29.590136284819437,-1.4247459344126918
Amajyaruguru,Musanze,Kinigi,Nyonirima,Butorwa I,29.57863148389181,-1.4363086216964565,126.01929408602538,29.56976770769678,-1.4429329803755708,29.585100881473586,-1.4302035736253855
Amajyaruguru,Musanze,Kinigi,Nyonirima,Butorwa Ii,29.587279441642835,-1.4344182067657274,101.95723084267425,29.582548851317167,-1.4429228476010842,29.593378776753056,-1.4289597456329366
Amajyaruguru,Musanze,Kinigi,Nyonirima,Gahisi,29.59226858690518,-1.424791947985047,128.55425729497884,29.584879633016712,-1.432630677280037,29.598440881021183,-1.4159101440191757
Amajyaruguru,Musanze,Kinigi,Nyonirima,Gasura,29.569313714255415,-1.4283694490005248,115.4892973012608,29.56212496278959,-1.4338294401751377,29.57573961812637,-1.4227992422794251
Amajyaruguru,Musanze,Kinigi,Nyonirima,Kansoro,29.597943895720935,-1.4085728847317671,475.3136704456489,29.589018587422576,-1.4277287925192454,29.608107325516286,-1.3869636250258675
Amajyaruguru,Musanze,Kinigi,Nyonirima,Kanyampereri,29.574279217693853,-1.4220423920022118,108.98804486188078,29.566710230478062,-1.4264146242998643,29.584879633016712,-1.4172709127398846
Amajyaruguru,Musanze,Kinigi,Nyonirima,Nyagisenyi,29.59966518351632,-1.4342580184210507,354.14611136802796,29.585137120757825,-1.4488460006597723,29.612177604225156,-1.420726560421588
Amajyaruguru,Musanze,Muhoza,Cyabararika,Buhuye,29.66664277341009,-1.5181252984734008,90.65536806253826,29.66175529663815,-1.5257616403009053,29.673157427539735,-1.5136899118374758
Amajyaruguru,Musanze,Muhoza,Cyabararika,Bwuzuri,29.650700175580624,-1.5107712487272207,35.88783975184695,29.64593384227495,-1.5137017095395244,29.654572223708055,-1.5072863434622388
Amajyaruguru,Musanze,Muhoza,Cyabararika,Gasanze,29.660988697388778,-1.5073875808224046,255.32781991285066,29.652643896597073,-1.5160801760423948,29.67183754284337,-1.4964851490384192
Amajyaruguru,Musanze,Muhoza,Cyabararika,Gatare,29.669296238706558,-1.504699491274198,173.44187797279892,29.658997275669268,-1.5163057231048949,29.67722198866157,-1.4961785429127157
Amajyaruguru,Musanze,Muhoza,Cyabararika,Gatorwa,29.64795616548407,-1.5058424291992114,17.35051326480164,29.646280979792646,-1.5091739017126213,29.64969322790504,-1.5026967846122714
Amajyaruguru,Musanze,Muhoza,Cyabararika,Kabogobogo,29.65166752327978,-1.5059018999114593,30.299874870059984,29.64880249508041,-1.5093355507096513,29.65473434997433,-1.5025585026412522
Amajyaruguru,Musanze,Muhoza,Cyabararika,Yorodani,29.65015102202197,-1.5012416207590007,29.26740099969996,29.646536566548477,-1.5041720000420606,29.653399206338282,-1.4986323450010461
Amajyaruguru,Musanze,Muhoza,Kigombe,Kavumu,29.65199748601902,-1.5230410183481273,216.21073608990625,29.64502022029973,-1.53471437362276,29.659277649461394,-1.5119781828821353
Amajyaruguru,Musanze,Muhoza,Kigombe,Kiryi,29.659938757325683,-1.5209448724367778,113.62922893602908,29.65407059089396,-1.5295188782926576,29.66597434988407,-1.5114496090153942
Amajyaruguru,Musanze,Muhoza,Kigombe,Mugara,29.64363932990981,-1.5260750022133698,183.7744511914074,29.636807176374184,-1.5365732034162178,29.650446622961056,-1.5141521995271097
Amajyaruguru,Musanze,Muhoza,Kigombe,Nduruma,29.638931364787148,-1.5138773000162087,64.78496232218556,29.635534976357754,-1.5208938414439377,29.642981266736456,-1.5082282126565814
Amajyaruguru,Musanze,Muhoza,Kigombe,Nyamagumba,29.63414485895343,-1.5090192599863947,71.04295490991564,29.629969334069504,-1.5144512942708834,29.639088368348467,-1.503648667648128
Amajyaruguru,Musanze,Muhoza,Kigombe,Nyamuremure,29.64546547604828,-1.5133787942058439,59.16484071178661,29.64098617881645,-1.5177758055595842,29.65022728276768,-1.508870274827733
Amajyaruguru,Musanze,Muhoza,Kigombe,Rukereza,29.633552339070572,-1.5171018283670716,49.73740031331823,29.630169605302502,-1.5230100439046816,29.637112352877917,-1.51190522105047
Amajyaruguru,Musanze,Muhoza,Mpenge,Gikwege,29.639859825092177,-1.5043286824369815,63.52442754324831,29.635355688119155,-1.5088892290955995,29.643852926664284,-1.4988718325390136
Amajyaruguru,Musanze,Muhoza,Mpenge,Giramahoro,29.640780800752577,-1.498673830218106,43.98762901333484,29.636400916475242,-1.5022324635871978,29.64478371289577,-1.4945804186372171
Amajyaruguru,Musanze,Muhoza,Mpenge,Mpenge,29.64816699186522,-1.4963919626744258,40.10985489764987,29.64495537532529,-1.5005787927928915,29.65114281490279,-1.4910986750142454
Amajyaruguru,Musanze,Muhoza,Mpenge,Rukoro,29.645118206453912,-1.5057132074128179,28.60199099703873,29.642981266736456,-1.5094204264100648,29.64733193043069,-1.5021324468094395
Amajyaruguru,Musanze,Muhoza,Mpenge,Rusagara,29.64453547902043,-1.4978977970283276,24.261698159015417,29.64178726990563,-1.5025121290553924,29.646754003987898,-1.4942050295665554
Amajyaruguru,Musanze,Muhoza,Ruhengeri,Buhoro,29.623614540527065,-1.5222791341938753,90.5143364685618,29.617964478719692,-1.5286377929403727,29.629135819079874,-1.5156934517695753
Amajyaruguru,Musanze,Muhoza,Ruhengeri,Burera,29.626137811919246,-1.5071734309290852,54.94402872128866,29.62155792797244,-1.510354545062748,29.631729817953882,-1.5043146873556195
Amajyaruguru,Musanze,Muhoza,Ruhengeri,Bushozi,29.62601007079928,-1.5135295856736912,70.52843761575558,29.619702075805524,-1.517386344286703,29.63081619563769,-1.509370831186143
Amajyaruguru,Musanze,Muhoza,Ruhengeri,Byimana,29.629890046333973,-1.5019152713521036,56.82093646208109,29.62527344447248,-1.5057291073427046,29.63511917695451,-1.497895625597241
Amajyaruguru,Musanze,Muhoza,Ruhengeri,Kabaya,29.629655777785555,-1.5209419962617503,66.6554166403035,29.62457916536986,-1.5262880603451174,29.63446304389889,-1.5154738704453272
Amajyaruguru,Musanze,Muhoza,Ruhengeri,Muhe,29.619192829369467,-1.5033068936041754,74.23823161677198,29.607973790871398,-1.506849788871162,29.627417303016156,-1.498977568486414
Amajyaruguru,Musanze,Muhoza,Ruhengeri,Susa,29.61755493573794,-1.5096849387221036,113.3669380821969,29.609017110277602,-1.517930175255888,29.623837208245885,-1.504769231690425
Amajyaruguru,Musanze,Muko,Cyivugiza,Gakoro,29.63209977286478,-1.5276910513656308,30.764017336476744,29.628563614215324,-1.5305623094328165,29.635700912354956,-1.5250879811057385
Amajyaruguru,Musanze,Muko,Cyivugiza,Kabudundu,29.630876124164587,-1.5428894221868588,13.447364384430292,29.6279437220446,-1.5445946730564433,29.632841793900226,-1.5404738469752202
Amajyaruguru,Musanze,Muko,Cyivugiza,Kamutara,29.63396625560144,-1.532296592611754,29.943935661225893,29.630287856474933,-1.5361644317733183,29.636189191814758,-1.528515367865746
Amajyaruguru,Musanze,Muko,Cyivugiza,Karebero,29.635550068713645,-1.5448856325240208,22.828001993587495,29.632450786613845,-1.5476379683409758,29.637772288523887,-1.5421532685321793
Amajyaruguru,Musanze,Muko,Cyivugiza,Karwabigwi,29.627176904847726,-1.5530808786252623,138.80813017638036,29.617871012390157,-1.5603180210607235,29.63318511337369,-1.5441780366407525
Amajyaruguru,Musanze,Muko,Cyivugiza,Nyagahondo,29.629110095015196,-1.5390222833876746,45.39256747758086,29.62451431064374,-1.5430836945515871,29.633206097900953,-1.5355073490916114
Amajyaruguru,Musanze,Muko,Cyivugiza,Nyakanama,29.627598629784753,-1.532417946605653,72.00744690224671,29.623694152053023,-1.537041571147811,29.63324615362478,-1.526986387803708
Amajyaruguru,Musanze,Muko,Cyivugiza,Nyiramuko,29.634359907508813,-1.5534975606027999,102.99823493352946,29.628920282743927,-1.5610620074202461,29.639837944532733,-1.5439738316440557
Amajyaruguru,Musanze,Muko,Cyivugiza,Sangano,29.634782571419816,-1.5407432228347697,23.280441893700257,29.632420269295004,-1.5434978289881731,29.637217251258708,-1.5378774695394606
Amajyaruguru,Musanze,Muko,Cyivugiza,Susa,29.633412687348535,-1.5366961187657067,17.67107691546666,29.630530088855497,-1.5388022942696487,29.636494367153396,-1.5342817583586512
Amajyaruguru,Musanze,Muko,Cyogo,Kabere,29.595662940679798,-1.5539573720416227,61.92529349314561,29.59050246536423,-1.5575227929120858,29.60109015789864,-1.549035806732676
Amajyaruguru,Musanze,Muko,Cyogo,Kadahenda,29.5950378939357,-1.5479709013762386,71.7786397841902,29.589768138074206,-1.5524538956356098,29.601065363289315,-1.5423765369145492
Amajyaruguru,Musanze,Muko,Cyogo,Karabiro,29.60330710144086,-1.5461402598701561,128.64659998554168,29.597101894281067,-1.5528797119205275,29.611216273383537,-1.5386363482817074
Amajyaruguru,Musanze,Muko,Cyogo,Karuyege,29.5942136802235,-1.5620118332890827,152.5876350779478,29.586519919705076,-1.5687003316965824,29.60228987878999,-1.5563680139002656
Amajyaruguru,Musanze,Muko,Cyogo,Nyagasambu,29.607451942397287,-1.5548984701807949,146.1597869820092,29.598427498882412,-1.5611589165286461,29.615389551701472,-1.5489492647874477
Amajyaruguru,Musanze,Muko,Cyogo,Rubanga,29.61765799016344,-1.5541546087549607,66.56915461555754,29.613123619795132,-1.558002257887935,29.622662270791384,-1.5496106393576792
Amajyaruguru,Musanze,Muko,Mburabuturo,Bugese,29.637289004848387,-1.5315084900203912,55.11942359341363,29.63333198667715,-1.53796365789607,29.640236585463146,-1.5219857979747047
Amajyaruguru,Musanze,Muko,Mburabuturo,Kabindi,29.64364851197179,-1.536898141255781,41.24578014319991,29.639784545301158,-1.5433700395350998,29.647556989478588,-1.53017941152663
Amajyaruguru,Musanze,Muko,Mburabuturo,Kigasa,29.637316393015023,-1.5250265540020929,31.877710021144267,29.634392472883352,-1.5304563344090494,29.6408946222353,-1.5198883108117356
Amajyaruguru,Musanze,Muko,Mburabuturo,Musenyi,29.642092353662235,-1.539878568790448,39.86591824214528,29.637758938223808,-1.5428871224387177,29.645720212648456,-1.5365953753617414
Amajyaruguru,Musanze,Muko,Mburabuturo,Mwanganzara,29.639840669503872,-1.5529499823415525,70.59069402257704,29.635420526415317,-1.5583792042135978,29.644610130786386,-1.5466414986977404
Amajyaruguru,Musanze,Muko,Mburabuturo,Ngabane,29.63826266983035,-1.5392298158663251,13.406135334423299,29.6365096259184,-1.542337685433233,29.64140579001342,-1.5372175281380773
Amajyaruguru,Musanze,Muko,Mburabuturo,Ntindo,29.642696742547134,-1.5472758372564583,89.07395230022664,29.637255398197443,-1.5535205908153775,29.647753443623692,-1.5422950083860685
Amajyaruguru,Musanze,Muko,Songa,Buhano,29.61124086797845,-1.5415240247114335,43.609108691666265,29.606651989091198,-1.5462458360834324,29.615490644642385,-1.5353492738831245
Amajyaruguru,Musanze,Muko,Songa,Butare,29.620445717792748,-1.538364938298969,102.59236845311628,29.61340782059806,-1.5447293776966793,29.62573119731465,-1.5325217493654975
Amajyaruguru,Musanze,Muko,Songa,Kamaheke,29.624516729696293,-1.5455109175319697,65.558121077435,29.6195475725417,-1.5504939815280092,29.630602565369298,-1.5390088822452987
Amajyaruguru,Musanze,Muko,Songa,Karambo,29.608690828063935,-1.5364882971356597,112.99518546893073,29.603117674609972,-1.5444547156363921,29.61541816546069,-1.5296423666738836
Amajyaruguru,Musanze,Muko,Songa,Kavumu,29.615692570821576,-1.5280656375800137,74.8563824314038,29.611424179194813,-1.5328885552521463,29.620693893847378,-1.5234086755484102
Amajyaruguru,Musanze,Muko,Songa,Kibuye,29.621451017218465,-1.5295083133439762,62.55504515238761,29.61794540306136,-1.53600659562089,29.625216216689132,-1.52330913670954
Amajyaruguru,Musanze,Muko,Songa,Mubago,29.615566992604098,-1.5447894730881881,96.98150881099063,29.60932227668011,-1.5502053738980046,29.620255199697404,-1.5356258394513842
Amajyaruguru,Musanze,Musanze,Cyabagarura,Bitare,29.619330931204214,-1.4741375090892705,24.250336645775928,29.615898832345604,-1.4787806530884862,29.62227509734177,-1.4696495783425654
Amajyaruguru,Musanze,Musanze,Cyabagarura,Bukane,29.621800207811418,-1.497487781915081,67.51184007578581,29.61545822906334,-1.5017913826496292,29.627615669468845,-1.4932971261920835
Amajyaruguru,Musanze,Musanze,Cyabagarura,Gaturo,29.618235071526783,-1.4934291979684329,48.31510916724552,29.612383583862105,-1.496538067837412,29.623369911900532,-1.4894216312602557
Amajyaruguru,Musanze,Musanze,Cyabagarura,Gikeri,29.58435383104823,-1.454666412843271,113.01434328448386,29.57667612032662,-1.4616488389912972,29.590168702668382,-1.4489661623796173
Amajyaruguru,Musanze,Musanze,Cyabagarura,Kabaya,29.60805984098652,-1.482460726866423,100.03916647231037,29.60151551434369,-1.4886651262055612,29.61493943324812,-1.4766327369608887
Amajyaruguru,Musanze,Musanze,Cyabagarura,Kageyo,29.62416078451323,-1.491363112819018,32.05564245930593,29.619702081385338,-1.4954284694582693,29.627232292809545,-1.4887125759780666
Amajyaruguru,Musanze,Musanze,Cyabagarura,Kanyabirayi,29.5940124468746,-1.4723446024676514,103.78123738033158,29.58574746784238,-1.4810663662181691,29.600472194724397,-1.460142749823119
Amajyaruguru,Musanze,Musanze,Cyabagarura,Kiroba,29.61595333600701,-1.4782103901113801,107.47822551833687,29.608942730880493,-1.4838685040205242,29.622925502677777,-1.4723086601127553
Amajyaruguru,Musanze,Musanze,Cyabagarura,Rugeyo,29.61435458649069,-1.4879006139240574,100.9808786681127,29.60743020055607,-1.493095421441495,29.62041352375621,-1.482178832588728
Amajyaruguru,Musanze,Musanze,Cyabagarura,Ruvumu,29.62210817506196,-1.4859252795765183,48.337330372281166,29.617821436100826,-1.4895714773942261,29.625990610122255,-1.4810614846286696
Amajyaruguru,Musanze,Musanze,Garuka,Cyanturo,29.573331657478064,-1.4558203914204628,92.81127059762187,29.565825212542862,-1.4599872952273973,29.581532228607347,-1.4509986789130749
Amajyaruguru,Musanze,Musanze,Garuka,Gacinyiro,29.58050266911679,-1.4626367786884376,131.68577274737888,29.572897659794922,-1.46792473052667,29.58861230445698,-1.4565164012407354
Amajyaruguru,Musanze,Musanze,Garuka,Gapfuro,29.58888243641269,-1.4748097320780158,123.56404284137636,29.58273194693687,-1.4809022144641661,29.59599946211739,-1.465919870092773
Amajyaruguru,Musanze,Musanze,Garuka,Kanganwa,29.56971921030484,-1.4649961320794609,131.42252695136,29.564074265750847,-1.4735692876781994,29.575173127565684,-1.4580919888187485
Amajyaruguru,Musanze,Musanze,Garuka,Kanyaminaba,29.5796830816359,-1.4719886825167137,153.1814544795319,29.571728452615464,-1.4812812968129607,29.587179884386856,-1.464332952620083
Amajyaruguru,Musanze,Musanze,Kabazungu,Bihinga,29.55968656651833,-1.4704173253256725,124.3678574312177,29.551480040043177,-1.475692998138821,29.567887053241655,-1.4645348907401303
Amajyaruguru,Musanze,Musanze,Kabazungu,Kidendezi,29.53460641706832,-1.4717953947840352,99.9282737679465,29.52842591733423,-1.4777332599440633,29.5408198690154,-1.4659379771602223
Amajyaruguru,Musanze,Musanze,Kabazungu,Mufukuro,29.555231181934122,-1.4634858772841888,116.03359752893303,29.544825303093106,-1.4683839178732325,29.56447480840208,-1.4598777367776077
Amajyaruguru,Musanze,Musanze,Kabazungu,Nyabageni,29.54127266704915,-1.463766503823024,79.79922421476229,29.535834060683683,-1.4700102868888196,29.545696960879003,-1.4566470448344828
Amajyaruguru,Musanze,Musanze,Kabazungu,Rucumu,29.54503018248854,-1.4772178309822437,150.83910428141448,29.537760479981735,-1.4850510439991809,29.552490933872996,-1.4700067111370687
Amajyaruguru,Musanze,Musanze,Kabazungu,Rwunga,29.548404624950244,-1.4694963345850223,112.1648861244234,29.5408198690154,-1.4757627339522226,29.554550872145754,-1.4640013054310814
Amajyaruguru,Musanze,Musanze,Nyarubuye,Bannyisuka,29.566744336790162,-1.4757086446777816,85.73153426935534,29.56050179818658,-1.4812998898690397,29.571812375950877,-1.4704041609158618
Amajyaruguru,Musanze,Musanze,Nyarubuye,Kareba,29.575133681803486,-1.479618992184533,121.63099161747292,29.568674785798294,-1.4863244440138352,29.581738216474328,-1.4735857385803035
Amajyaruguru,Musanze,Musanze,Nyarubuye,Kavumbu,29.55395469480922,-1.4816310238699835,60.06697376938197,29.54942582246913,-1.485559352858761,29.558903438909198,-1.4767959208529715
Amajyaruguru,Musanze,Musanze,Nyarubuye,Murenzi,29.5638570275148,-1.4825240439586393,109.61551019358481,29.55727074759064,-1.4880091081158102,29.57118294803256,-1.4756239762902024
Amajyaruguru,Musanze,Musanze,Nyarubuye,Nturo,29.556382736904432,-1.4769140356382016,34.331067071210214,29.55240701048285,-1.4807746511289428,29.56058381410234,-1.4738743399398366
Amajyaruguru,Musanze,Musanze,Nyarubuye,Tero,29.569994492343437,-1.4885809332041513,75.82676930127491,29.563515406111712,-1.4934005871311447,29.575171213834256,-1.4829409255654085
Amajyaruguru,Musanze,Musanze,Rwambogo,Buhunge,29.60310097609217,-1.4936061758191346,157.06005564201345,29.590944984630223,-1.497712395393651,29.614399651009066,-1.4870231369517644
Amajyaruguru,Musanze,Musanze,Rwambogo,Gakoro,29.60887500128603,-1.4999619278445213,139.93292393831828,29.598740318320836,-1.505618594594617,29.617611624792126,-1.4946131945773153
Amajyaruguru,Musanze,Musanze,Rwambogo,Kirerema,29.5847010493626,-1.4885994038039096,107.1927406628992,29.57512925217045,-1.496685642406785,29.593308190434808,-1.4815696638036426
Amajyaruguru,Musanze,Musanze,Rwambogo,Nyarubande,29.587969157585697,-1.4844445369810304,87.60823780306909,29.58131859958829,-1.4926847408546144,29.5937735835515,-1.479551928397172
Amajyaruguru,Musanze,Musanze,Rwambogo,Runyangwe,29.597882920206732,-1.485909348018605,148.23007117902065,29.5912329980667,-1.491782088177935,29.605335932158617,-1.480169672463831
Amajyaruguru,Musanze,Musanze,Rwambogo,Rwunga,29.58087196656059,-1.4920387768792627,105.02443201215216,29.57374260878087,-1.4971035890978694,29.58908531979081,-1.486349954811834
Amajyaruguru,Musanze,Nkotsi,Bikara,Barizo,29.635178186850833,-1.5702918746951033,149.31927333908877,29.63113280014906,-1.5810812997072914,29.639170368988708,-1.5602979941711304
Amajyaruguru,Musanze,Nkotsi,Bikara,Kabaya,29.641569590973862,-1.5798897625135144,75.35682734930243,29.63590880062127,-1.5862425878929551,29.646883683688493,-1.5745724747730545
Amajyaruguru,Musanze,Nkotsi,Bikara,Karambi,29.649842618120456,-1.5812999766944698,145.45926758144773,29.64406271773802,-1.5900103177104243,29.65520735409452,-1.5737438525161134
Amajyaruguru,Musanze,Nkotsi,Bikara,Kindiki,29.632035196173966,-1.582199854309893,57.64976279789102,29.626558978062974,-1.5860690152722339,29.638268191981126,-1.5772483642859292
Amajyaruguru,Musanze,Nkotsi,Bikara,Kinkware,29.630763280205027,-1.5878152527841778,51.29344384087583,29.626028733751028,-1.5911904845016045,29.63491316379959,-1.5843429834466227
Amajyaruguru,Musanze,Nkotsi,Bikara,Kiruhura,29.642695917634963,-1.5673852192351263,171.55356542971163,29.637770377871046,-1.5760693846476346,29.650278767077385,-1.5578157008220206
Amajyaruguru,Musanze,Nkotsi,Bikara,Nyakinama,29.62841597768086,-1.5740641916708404,102.99387080875891,29.623461446047212,-1.5803249154013093,29.63296576320669,-1.5659450572638451
Amajyaruguru,Musanze,Nkotsi,Bikara,Rubindi,29.64138430488384,-1.587783000246833,133.4728887189157,29.63414640832757,-1.593630464438382,29.650608734532884,-1.5819129039890647
Amajyaruguru,Musanze,Nkotsi,Gashinga,Buhanga,29.623712389516815,-1.5813474074871483,67.7574228142988,29.61873312587821,-1.5861046578353968,29.62803907962055,-1.5764068620485436
Amajyaruguru,Musanze,Nkotsi,Gashinga,Gitaraga,29.61293383384146,-1.5816276696629543,74.28238840162052,29.603426653272464,-1.5846380219022216,29.62107344423298,-1.5768534197585153
Amajyaruguru,Musanze,Nkotsi,Gashinga,Kabasaza,29.597600463486554,-1.5892730971122098,90.13066590313912,29.58564253258715,-1.5934286308779855,29.607390122573566,-1.5830613585315
Amajyaruguru,Musanze,Nkotsi,Gashinga,Musebeya,29.61346236883168,-1.5858471016463132,88.6278910499537,29.603386598243407,-1.5892237655863686,29.62211103986201,-1.5823395499672734
Amajyaruguru,Musanze,Nkotsi,Mubago,Bugugu,29.604379508656738,-1.5640023336698587,44.956623834664036,29.59974547519267,-1.5680864069134153,29.60928221788162,-1.5609003513102788
Amajyaruguru,Musanze,Nkotsi,Mubago,Buhamo,29.599758877011663,-1.567787354780489,57.105327625545485,29.595644674611098,-1.5728426180081037,29.60410758038035,-1.5630873642048384
Amajyaruguru,Musanze,Nkotsi,Mubago,Musembe,29.611702974558288,-1.5605276828611527,57.829527989299876,29.606411659129265,-1.5650621880064683,29.618485176614932,-1.5566448201763141
Amajyaruguru,Musanze,Nkotsi,Mubago,Nyagahondo,29.59510650173359,-1.5731741430886304,72.62245690703047,29.590903004994647,-1.5801309535313897,29.599463185283007,-1.5675054980038208
Amajyaruguru,Musanze,Nkotsi,Mubago,Nyarubingo,29.588390279868364,-1.5748335550788566,99.91859951675426,29.5831381874873,-1.5807931588518327,29.594109256234187,-1.5681517304818444
Amajyaruguru,Musanze,Nkotsi,Rugeshi,Bigabiro,29.589537268922566,-1.585220837795588,155.85736864363318,29.58080740678465,-1.591508166764634,29.601689058076932,-1.576724783774416
Amajyaruguru,Musanze,Nkotsi,Rugeshi,Gahanga,29.604609023707496,-1.5733253828588327,47.13594454170178,29.598576267518347,-1.5769096818515276,29.610615452779864,-1.5702278838663868
Amajyaruguru,Musanze,Nkotsi,Rugeshi,Gasebeya,29.60841840013379,-1.5772637602003998,54.021136390217066,29.60378142170918,-1.5807759979066536,29.612349231598035,-1.5736130699815984
Amajyaruguru,Musanze,Nkotsi,Rugeshi,Karambo,29.616830074130057,-1.5738407077984462,143.543551617799,29.609423360419463,-1.5798403255088032,29.624960620739987,-1.5687531466400626
Amajyaruguru,Musanze,Nkotsi,Rugeshi,Mucyamo,29.59395062197124,-1.5808567557609379,87.8549526643841,29.58503981309513,-1.5842496347243065,29.601708132390158,-1.57562675071947
Amajyaruguru,Musanze,Nkotsi,Rugeshi,Mutuzo,29.602647232521605,-1.579406012048208,48.393637020252996,29.598488529472554,-1.5856327023817798,29.607174595443226,-1.5742073278118565
Amajyaruguru,Musanze,Nkotsi,Ruyumba,Cyivugiza,29.626406930284013,-1.565737720380666,100.85885225771096,29.619627676449653,-1.5712448617018748,29.633148871847467,-1.5613616973245534
Amajyaruguru,Musanze,Nkotsi,Ruyumba,Gasiza,29.622453266484815,-1.5605716146513195,86.31770290344613,29.61588736730313,-1.5654036061880245,29.631769859257755,-1.555236365285717
Amajyaruguru,Musanze,Nkotsi,Ruyumba,Kamusheshe,29.617028713082597,-1.5670619831869546,37.135457927032,29.61214323990143,-1.5699017298383042,29.622385701782775,-1.5636112935329103
Amajyaruguru,Musanze,Nkotsi,Ruyumba,Murindi,29.607209582642042,-1.568626881814414,56.999557942528824,29.599808415472207,-1.5731829607121932,29.61263915114037,-1.5637237063314613
Amajyaruguru,Musanze,Nkotsi,Ruyumba,Nyakigezi,29.614460162274675,-1.563636196229507,29.963762529271545,29.611296378011723,-1.5672809122011924,29.617905341326736,-1.5597441436350348
Amajyaruguru,Musanze,Nyange,Cyivugiza,Gasoroza,29.599504773619437,-1.4498400081464546,66.01661425740156,29.592659702132377,-1.453684827809746,29.604630221484513,-1.445809504495001
Amajyaruguru,Musanze,Nyange,Cyivugiza,Kagano,29.595551189480382,-1.4644342533691825,124.5456273422773,29.589119660081714,-1.4700342608829764,29.60239289812731,-1.4582812979558324
Amajyaruguru,Musanze,Nyange,Cyivugiza,Kageshi,29.592075118273396,-1.4476725265867485,22.725747493298417,29.589468708059847,-1.4503326605303848,29.59504198081273,-1.4442904180694869
Amajyaruguru,Musanze,Nyange,Cyivugiza,Mugwati,29.60695402135432,-1.4470121780078526,80.52827424841821,29.601258030627594,-1.4532823788725298,29.61132311014624,-1.4405704970080575
Amajyaruguru,Musanze,Nyange,Cyivugiza,Muhe,29.58922243061754,-1.4511393574028286,17.232400212328862,29.58655427898916,-1.4543467938866614,29.591992130029293,-1.4488460006597723
Amajyaruguru,Musanze,Nyange,Cyivugiza,Nyabitare,29.598235312577497,-1.4439549935452087,79.31076556298785,29.591093770173423,-1.4485352233890505,29.60559915672725,-1.44021811190446
Amajyaruguru,Musanze,Nyange,Cyivugiza,Rugarama,29.592146533985666,-1.4537432067036355,38.734227857190014,29.588602770473123,-1.4576181355392794,29.59697030944188,-1.4499356933808139
Amajyaruguru,Musanze,Nyange,Cyivugiza,Rusenge,29.60742722027754,-1.4392065928308577,53.38513320088653,29.60094331943563,-1.4431592446282366,29.612005942778765,-1.4344650740854137
Amajyaruguru,Musanze,Nyange,Cyivugiza,Terimbere,29.595446598805037,-1.4557867345462525,44.57318144882745,29.589764344438933,-1.460142749823119,29.601376284171884,-1.4520147045847407
Amajyaruguru,Musanze,Nyange,Kabeza,Gahama,29.613040361902268,-1.4568036748860607,19.171134774181688,29.608481157717282,-1.4590444800056979,29.616934526649576,-1.4540513983027887
Amajyaruguru,Musanze,Nyange,Kabeza,Kansoro,29.6079920611946,-1.417707094109887,306.37547255235415,29.592779880024462,-1.447172187981884,29.616591206373137,-1.3869636250258675
Amajyaruguru,Musanze,Nyange,Kabeza,Kibingo,29.618583591018286,-1.4583299943712977,64.07246572929017,29.61205552803143,-1.465330982712696,29.62500642537095,-1.4546760577045226
Amajyaruguru,Musanze,Nyange,Kabeza,Ntamiziro,29.62334366303151,-1.4640201828529897,86.57980300090864,29.61841653551353,-1.4691567691255405,29.629048095173783,-1.4583275584420856
Amajyaruguru,Musanze,Nyange,Kabeza,Nyarubuye,29.628526021396222,-1.4599485227580313,92.73989742785027,29.623907793420504,-1.468196420536272,29.633253798683707,-1.451683549023239
Amajyaruguru,Musanze,Nyange,Kabeza,Riboneye,29.61472872325939,-1.4511612566338465,126.97996484611772,29.60818170435025,-1.4570023056681296,29.62118600697527,-1.4448095809215544
Amajyaruguru,Musanze,Nyange,Kabeza,Rwebeya,29.617853439679244,-1.464259847292268,32.74579139323886,29.6152541513914,-1.468707705700722,29.620951399917,-1.4597920429938107
Amajyaruguru,Musanze,Nyange,Kamwumba,Kabaya,29.602025832194794,-1.456872580794343,84.45601423959812,29.59474252475503,-1.4617176264851854,29.60818170435025,-1.451670191726873
Amajyaruguru,Musanze,Nyange,Kamwumba,Kamajaga,29.60694814680749,-1.4611169479084565,62.578182260080766,29.601904618468826,-1.4653113110200606,29.612284409285877,-1.4569672574352555
Amajyaruguru,Musanze,Nyange,Kamwumba,Kamicaca,29.607550063196374,-1.4683342811767517,144.31906097330597,29.60045693967177,-1.4757791987319584,29.614809736255744,-1.4613915920556526
Amajyaruguru,Musanze,Nyange,Kamwumba,Musenyi,29.61472592333316,-1.4684813077020045,49.6091451593851,29.611172423809133,-1.4725133423658576,29.618517622640216,-1.46343829656443
Amajyaruguru,Musanze,Nyange,Kamwumba,Ntarama,29.602329358697247,-1.4747972506818334,100.90210207520477,29.594353422833514,-1.4808228224848543,29.61004327124322,-1.4685845580987549
Amajyaruguru,Musanze,Nyange,Kamwumba,Rugari,29.61014861037861,-1.4577838711423978,13.972576376130437,29.607493150592447,-1.4618692634071226,29.61353372265525,-1.4532823788725298
Amajyaruguru,Musanze,Nyange,Muhabura,Bazizana,29.640430422073027,-1.4358569319425223,85.66281480991272,29.634665245110202,-1.440154701035141,29.646225684304962,-1.4312610942003747
Amajyaruguru,Musanze,Nyange,Muhabura,Bihinga,29.65492120457875,-1.4380242594616166,48.28877562976751,29.65090631682915,-1.4412659748452743,29.65877031497472,-1.4338708268368832
Amajyaruguru,Musanze,Nyange,Muhabura,Bukingo,29.648162091537014,-1.4459476497764803,58.88133320327459,29.645085086484613,-1.4511374566541657,29.65184472965735,-1.4381001319222508
Amajyaruguru,Musanze,Nyange,Muhabura,Buramba,29.64223965631665,-1.446162231481215,86.87114555268212,29.637423266627287,-1.4521407190491684,29.646763555215784,-1.4390613150045253
Amajyaruguru,Musanze,Nyange,Muhabura,Jite,29.654636700416624,-1.426483842005453,89.39804817376766,29.651417489672983,-1.4353269678420222,29.65706133212346,-1.4164882050424794
Amajyaruguru,Musanze,Nyange,Muhabura,Micaca,29.649273238833285,-1.403316498423418,730.4996842666706,29.6336486388985,-1.4379813997398627,29.660269501238766,-1.3865183912234778
Amajyaruguru,Musanze,Nyange,Muhabura,Nkogote,29.642189230417262,-1.4132068566125862,260.93169833044146,29.628952746553928,-1.4410429320574274,29.649700873631964,-1.3873418859701272
Amajyaruguru,Musanze,Nyange,Muhabura,Ntarama,29.63735843286751,-1.4440088456233,68.05218202018216,29.633539906884767,-1.4511330424563396,29.64225649081606,-1.439274698663289
Amajyaruguru,Musanze,Nyange,Muhabura,Ntebe,29.655269861618315,-1.4460569617905723,102.0909327858936,29.650885335770916,-1.4518713096260514,29.66044115009874,-1.4401910635099278
Amajyaruguru,Musanze,Nyange,Muhabura,Rugwiro,29.650014654147743,-1.4409023171866675,18.168161930104844,29.648321859587767,-1.4457769723805813,29.651634924394845,-1.4377796981575575
Amajyaruguru,Musanze,Nyange,Ninda,Garuka,29.62077975477385,-1.4472413765269805,84.19065783854681,29.615496389195307,-1.4549130463148527,29.62561296383939,-1.4393953336367815
Amajyaruguru,Musanze,Nyange,Ninda,Gisigwa,29.63171282453471,-1.4361579681914785,72.04549984841226,29.626160375834235,-1.4405579840719724,29.63651537245444,-1.4316962047713162
Amajyaruguru,Musanze,Nyange,Ninda,Kabagorozi,29.620839562273463,-1.4362407662406458,55.97652200306543,29.61464189773811,-1.4409543521404742,29.62511324208169,-1.431756880797236
Amajyaruguru,Musanze,Nyange,Ninda,Kabara,29.61961542729524,-1.4096353912236135,275.90272293985777,29.60330272239259,-1.431814817756404,29.633084053478203,-1.3857933510446927
Amajyaruguru,Musanze,Nyange,Ninda,Kabari,29.633871004383124,-1.4086530936005812,559.4504463010737,29.616427188360593,-1.4329028437139346,29.645903343375434,-1.3865286362425184
Amajyaruguru,Musanze,Nyange,Ninda,Kareba,29.631789740244987,-1.4465174006008719,103.95774549259049,29.626684896444765,-1.4545449298141528,29.636549701003144,-1.4384614521030081
Amajyaruguru,Musanze,Nyange,Ninda,Nkiriza,29.625205068849336,-1.4449753107950534,109.5041924420926,29.618729345457304,-1.4544130830418531,29.629717578472576,-1.437355544446924
Amajyaruguru,Musanze,Nyange,Ninda,Nyabutaka,29.61214934302897,-1.4134416860702483,361.85025883688394,29.59639239819154,-1.4387959485458364,29.62146067055186,-1.387263080965951
Amajyaruguru,Musanze,Nyange,Ninda,Nyakagezi,29.626982289319177,-1.4344701169661214,31.897909848478502,29.624415153033546,-1.4384492906237436,29.629648918251615,-1.4315238271217148
Amajyaruguru,Musanze,Nyange,Ninda,Nyamiyaga,29.618025702599528,-1.4149520131665727,173.07845852100715,29.601914172512977,-1.4327628871615063,29.626518959203416,-1.3869217851065498
Amajyaruguru,Musanze,Nyange,Ninda,Nyarubande,29.624063484453163,-1.406100483586005,421.30740164152894,29.60772777146894,-1.4321487238725628,29.636526820105534,-1.3857860792886532
Amajyaruguru,Musanze,Remera,Gasongero,Bukara,29.702484738338125,-1.5407228842896807,99.41695355373942,29.69534370109392,-1.546691700024342,29.71098205239829,-1.535983012284148
Amajyaruguru,Musanze,Remera,Gasongero,Gitega,29.701858043758048,-1.5542046969106817,41.36664154183492,29.69749518675262,-1.5589764558402823,29.706087793425944,-1.5491465780217746
Amajyaruguru,Musanze,Remera,Gasongero,Mugogo,29.699628975458953,-1.5503198113134904,33.540079593156456,29.697472298580724,-1.5550934517122401,29.70244285047622,-1.5453434433692628
Amajyaruguru,Musanze,Remera,Gasongero,Nyakibande,29.707268097013944,-1.549707810990276,48.290633155858515,29.70272323023841,-1.5561600194622875,29.710276330483225,-1.5440907945736377
Amajyaruguru,Musanze,Remera,Gasongero,Rususa,29.704901525455824,-1.5445635143435799,50.88133132620726,29.69869872567868,-1.5496628737015763,29.71022292743307,-1.5396008947384847
Amajyaruguru,Musanze,Remera,Kamisave,Kabara,29.71656323004308,-1.5507443449880611,53.87453956444134,29.712931361022964,-1.5553412927684154,29.72075339698535,-1.546981025152483
Amajyaruguru,Musanze,Remera,Kamisave,Kamurera,29.714852573195017,-1.5585109500861138,86.5638236676634,29.70764227926666,-1.5659069294574726,29.723297798764236,-1.5529497161805752
Amajyaruguru,Musanze,Remera,Kamisave,Mikamo,29.714323300944734,-1.5420594219986719,48.75562132820609,29.70931693745314,-1.5475227127591935,29.718064036880776,-1.5359890935266978
Amajyaruguru,Musanze,Remera,Kamisave,Mukinga,29.704255304734193,-1.5570023848307153,53.36169214333557,29.69824668070657,-1.561358139850116,29.708304131756368,-1.5502797824042986
Amajyaruguru,Musanze,Remera,Kamisave,Rugari,29.709716512658222,-1.5566958551492927,71.70373430851667,29.70522566919528,-1.564063118412806,29.713740075398363,-1.5476788751328012
Amajyaruguru,Musanze,Remera,Kamisave,Ryampunga,29.711689242629785,-1.5453731057924536,42.77635529984497,29.709244456193865,-1.5520129680098063,29.71438094673783,-1.540121364164428
Amajyaruguru,Musanze,Remera,Murandi,Buhogo,29.73320882398421,-1.535552144196334,146.03298251034352,29.720200269488732,-1.5409977961209502,29.741686552154295,-1.5294608419840647
Amajyaruguru,Musanze,Remera,Murandi,Kabagora,29.72898188338837,-1.5497058003251614,117.51133843349936,29.721462931291335,-1.5557574533949714,29.739647591580038,-1.5441088012283073
Amajyaruguru,Musanze,Remera,Murandi,Karuruma,29.72528485557934,-1.532432274960287,73.01992555471138,29.719874113232486,-1.537320783744355,29.732525557283005,-1.5280014785905425
Amajyaruguru,Musanze,Remera,Murandi,Muganda,29.734079152896825,-1.525351200922913,138.3280406857817,29.726658553646562,-1.5319566057971858,29.740221709362014,-1.5157658384614008
Amajyaruguru,Musanze,Remera,Murandi,Nyirabisekuro,29.719435659495677,-1.5439062352931943,73.83438291587697,29.715105740391717,-1.5556659006581837,29.723311150260066,-1.53532843734755
Amajyaruguru,Musanze,Remera,Murandi,Nyundo,29.727276368905414,-1.542627707652509,120.71411530222406,29.72021934287428,-1.5480360309368526,29.73473617208773,-1.5355922478586872
Amajyaruguru,Musanze,Remera,Murwa,Giseke,29.72337542520496,-1.515088036352743,238.32081887729922,29.712723466730598,-1.523256947158174,29.732163166162774,-1.5065459535603305
Amajyaruguru,Musanze,Remera,Murwa,Gitwa,29.725881370590315,-1.5241617657831747,91.7071076765319,29.71951171948506,-1.5299358865897725,29.731728288611624,-1.518182687413799
Amajyaruguru,Musanze,Remera,Murwa,Kabashima,29.711946229655286,-1.534853709734868,89.8943244994621,29.70509216208978,-1.5390738729893851,29.719296186211366,-1.5302077995185344
Amajyaruguru,Musanze,Remera,Murwa,Kamanga,29.711494292406478,-1.5271883371328745,146.11414941049043,29.702175826986693,-1.5356259839560733,29.72021934287428,-1.5152506113879665
Amajyaruguru,Musanze,Remera,Murwa,Mwiyandiro,29.718093668978394,-1.525778926182898,77.04234987592143,29.713679047803918,-1.5336722628402273,29.72239562944225,-1.5199304112078404
Amajyaruguru,Musanze,Remera,Murwa,Ngenzi,29.69974405995744,-1.5337589148081725,130.45067254162745,29.69190665954107,-1.540238782000608,29.705982893269105,-1.5268507454088294
Amajyaruguru,Musanze,Remera,Rurambo,Bitsibo,29.72155619534872,-1.5623832216673779,68.23355362014613,29.71710463601979,-1.5673838149604848,29.725723943989784,-1.5557028555411416
Amajyaruguru,Musanze,Remera,Rurambo,Gatare,29.727753414215297,-1.5654539596899897,125.88411477416689,29.723276817837714,-1.5767099175871315,29.732807835728828,-1.5542122634321092
Amajyaruguru,Musanze,Remera,Rurambo,Kabusozo,29.732857501172955,-1.5613841864966467,68.12130430752886,29.727610313381643,-1.566559366785752,29.736696921430994,-1.5571727082052276
Amajyaruguru,Musanze,Remera,Rurambo,Kintashya,29.71647007603419,-1.563287171058249,63.950071941001724,29.71165915502851,-1.5697850467727141,29.72255965482672,-1.555787732376609
Amajyaruguru,Musanze,Remera,Rurambo,Mugeshi,29.732443074227426,-1.5543780058047854,83.54249678510705,29.726841653039635,-1.5584763804078952,29.739704811793423,-1.5503213922728993
Amajyaruguru,Musanze,Remera,Rurambo,Nyanza,29.722052644357586,-1.571016986057291,99.72895647793726,29.71464987674544,-1.577042510736604,29.727837283480167,-1.5652056246021497
Amajyaruguru,Musanze,Rwaza,Bumara,Gisorora,29.65342906489592,-1.5931049869675957,106.30399431818147,29.64669485415072,-1.598261270029448,29.66047163399493,-1.5878460738633609
Amajyaruguru,Musanze,Rwaza,Bumara,Kabuye,29.656878018520565,-1.5803649806837028,96.67851727545496,29.652058322985475,-1.5887033084136397,29.663218218453448,-1.5723017796922831
Amajyaruguru,Musanze,Rwaza,Bumara,Kavumu,29.663169595209492,-1.5938470510142386,77.79564904036599,29.65646620060592,-1.5988450412585145,29.66878385845571,-1.588724409910267
Amajyaruguru,Musanze,Rwaza,Bumara,Muheta,29.663245323926606,-1.584579054160734,96.42437295031885,29.656193451614737,-1.5907017333934617,29.669935900071508,-1.5788295633115583
Amajyaruguru,Musanze,Rwaza,Bumara,Nyakarambi II,29.668622065733423,-1.5889773127105047,70.56840910548489,29.663271623459345,-1.5932571070277182,29.67427511555667,-1.5835461971483369
Amajyaruguru,Musanze,Rwaza,Kabushinge,Busana,29.67700133989623,-1.5472680494678848,51.279890145455155,29.672558513335503,-1.551772990823065,29.68190833569173,-1.543360510818825
Amajyaruguru,Musanze,Rwaza,Kabushinge,Gihango,29.691016632746432,-1.556245988530691,85.48292576825494,29.68650885766613,-1.5613872249438825,29.69757910861071,-1.5479506674955668
Amajyaruguru,Musanze,Rwaza,Kabushinge,Kabuga,29.69437250534623,-1.5488956470746904,147.97403644661628,29.6888148449103,-1.5612009009508634,29.698673927652536,-1.53903250195013
Amajyaruguru,Musanze,Rwaza,Kabushinge,Murambi,29.685182761431026,-1.555044227272858,40.11433612731849,29.68175002413016,-1.559241097564165,29.687996590355088,-1.5499179771910252
Amajyaruguru,Musanze,Rwaza,Kabushinge,Nyagisozi,29.678084794094637,-1.5404432538398243,97.49064417101017,29.671873777208866,-1.5449449209269863,29.684406964303268,-1.5352014683771298
Amajyaruguru,Musanze,Rwaza,Kabushinge,Nyarugando,29.680907668768928,-1.551981824496213,53.69262936590629,29.675987924451896,-1.5572238368927818,29.685358728555084,-1.5470564765960195
Amajyaruguru,Musanze,Rwaza,Kabushinge,Ramba,29.687137028761434,-1.5404036756518131,61.029467801732885,29.682167735726416,-1.5455482412274548,29.692684857329482,-1.5367845714154216
Amajyaruguru,Musanze,Rwaza,Kabushinge,Rwamigimbu,29.68604680943148,-1.54670022769418,64.71935114039269,29.68003531943841,-1.5518721756605351,29.690502849970553,-1.5412691061051058
Amajyaruguru,Musanze,Rwaza,Musezero,Kamabuye,29.677838379269524,-1.5615310943048737,65.24645833973048,29.67251463984271,-1.566251554731951,29.684162819153027,-1.5563273827486097
Amajyaruguru,Musanze,Rwaza,Musezero,Kansenda,29.67583917395722,-1.5559821556030209,59.02818883541055,29.67242881044716,-1.561029710708612,29.680830681508308,-1.549106993862074
Amajyaruguru,Musanze,Rwaza,Musezero,Kibingo,29.66730580954368,-1.5717734409758517,50.71573465536602,29.661932668000652,-1.575242674479456,29.672547063299564,-1.56900051999081
Amajyaruguru,Musanze,Rwaza,Musezero,Kiganda,29.67552504324071,-1.5697776940361337,67.64661146022888,29.671501835773412,-1.5746252916028216,29.67941542585278,-1.565305032437533
Amajyaruguru,Musanze,Rwaza,Musezero,Mataba,29.6716421997368,-1.5769903294518,60.72605176605185,29.66713972837299,-1.5806805277912097,29.676815707087076,-1.573085226034684
Amajyaruguru,Musanze,Rwaza,Musezero,Mutara,29.662467409640517,-1.5758585545513184,75.05227686437601,29.6576582989112,-1.5813830254082466,29.667788226385163,-1.5701189389617098
Amajyaruguru,Musanze,Rwaza,Musezero,Nyakarambi I,29.67150470159229,-1.558955524281157,66.49307296461456,29.66887923479077,-1.5678669589758758,29.67480536892807,-1.5482098245860416
Amajyaruguru,Musanze,Rwaza,Nturo,Gakenke,29.648309120456116,-1.5602956132672203,88.90119816906015,29.64379569345829,-1.5676799137954673,29.655377113493593,-1.5535172533316424
Amajyaruguru,Musanze,Rwaza,Nturo,Mugogo,29.658299174159467,-1.5688721077504806,112.73518889655203,29.64867468711681,-1.5753399461074629,29.666298589162622,-1.5608518469038393
Amajyaruguru,Musanze,Rwaza,Nturo,Rubabi,29.65299788070508,-1.555175942849239,101.6282897821272,29.644209588603253,-1.56099263309499,29.65956565126459,-1.5507097558418408
Amajyaruguru,Musanze,Rwaza,Nturo,Rugari,29.66303296733945,-1.5577123994856426,112.0846763499216,29.657334055006313,-1.5658314585900248,29.66940375622864,-1.5510746582292398
Amajyaruguru,Musanze,Rwaza,Nturo,Rugogwe,29.667920612114145,-1.5646936520681474,60.97555180202065,29.664515219114502,-1.5698483357269566,29.67248984291525,-1.5573394667262945
Amajyaruguru,Musanze,Rwaza,Nturo,Ruvumu,29.65316992076644,-1.5657444290413312,100.87965079588103,29.647461613738304,-1.5720087609304794,29.65928908507307,-1.5589746572836305
Amajyaruguru,Musanze,Rwaza,Nyarubuye,Buhama,29.657583617860343,-1.533391898707826,94.54589687343326,29.652996748854132,-1.5409642795922012,29.662852019781923,-1.5267283071177713
Amajyaruguru,Musanze,Rwaza,Nyarubuye,Bukoro,29.665501243494543,-1.5454888213240474,97.37648423618236,29.656468119221834,-1.5513227326986319,29.673664776335805,-1.5395663162793354
Amajyaruguru,Musanze,Rwaza,Nyarubuye,Kanama,29.664885660926352,-1.5331415421586956,84.10234273669086,29.6581904576061,-1.5388998143242,29.66994163340443,-1.5273347263686383
Amajyaruguru,Musanze,Rwaza,Nyarubuye,Murambi,29.66627264929311,-1.5390992034851987,93.32277090580833,29.65815803252234,-1.5442930814434495,29.67336150828933,-1.5330744161832304
Amajyaruguru,Musanze,Rwaza,Nyarubuye,Ngege,29.659062072892077,-1.5437242456254257,46.55770876699583,29.6558882872198,-1.5472140659036115,29.6633460189816,-1.5391182050894974
Amajyaruguru,Musanze,Rwaza,Nyarubuye,Rusaki,29.66781178159,-1.5503261858379191,96.54676909653988,29.658360208589233,-1.5550314557331257,29.67411681628881,-1.5448074719007399
Amajyaruguru,Musanze,Rwaza,Nyarubuye,Sayo,29.651370566811362,-1.5437318230925943,189.52726009783566,29.645165172693247,-1.5529343216437606,29.657059396945908,-1.5319573018469268
Amajyaruguru,Musanze,Shingiro,Gakingo,Burengo,29.578894258388676,-1.5157874562458833,92.57757696251323,29.57081100682076,-1.5220592158392103,29.585098956221344,-1.5054294007704445
Amajyaruguru,Musanze,Shingiro,Gakingo,Bwamazi,29.560042994639275,-1.508052463436194,97.83241343142569,29.55120346530877,-1.5107591258478814,29.571497655007434,-1.5037750102452903
Amajyaruguru,Musanze,Shingiro,Gakingo,Gasura,29.554936303938337,-1.5151023211107295,64.6184268646288,29.549982760408668,-1.5195027682767412,29.55894920705782,-1.5103066061692139
Amajyaruguru,Musanze,Shingiro,Gakingo,Kabeza,29.566769493863255,-1.514374985363028,76.02923464304308,29.561743473471914,-1.5191283360198855,29.571966860408047,-1.5097571735576962
Amajyaruguru,Musanze,Shingiro,Gakingo,Kadahenda,29.574229754575242,-1.5149541563879216,96.67092874719556,29.569147800859316,-1.520722165522261,29.57918236018971,-1.508904470630625
Amajyaruguru,Musanze,Shingiro,Gakingo,Karwesero,29.566397133021596,-1.5204990793925928,52.40625932594533,29.56113311962233,-1.5236585265305769,29.57214805775163,-1.516382825187443
Amajyaruguru,Musanze,Shingiro,Gakingo,Mutuzo,29.560234228833046,-1.515740730535418,60.69126308373728,29.556008076445615,-1.521683226905663,29.56349823307068,-1.5103281847177221
Amajyaruguru,Musanze,Shingiro,Gakingo,Ryambungira,29.564871497816675,-1.5028819382012564,151.64354291533226,29.554920889546118,-1.5087938443777023,29.572834707383684,-1.4970163228677438
Amajyaruguru,Musanze,Shingiro,Kibuguzo,Bikereri,29.538973490398025,-1.499645977537612,101.79859668468659,29.534441687314118,-1.5055564703236075,29.544726112137642,-1.4934605414971274
Amajyaruguru,Musanze,Shingiro,Kibuguzo,Byimana,29.54750710575397,-1.5045103983590584,91.15189595831409,29.540749288674856,-1.510434874589968,29.553349233681306,-1.4985746217419642
Amajyaruguru,Musanze,Shingiro,Kibuguzo,Cyimbazi,29.564578186095257,-1.495443443289913,111.25637861345767,29.55431435325073,-1.501664052357985,29.573687294311984,-1.4878081200706663
Amajyaruguru,Musanze,Shingiro,Kibuguzo,Mutuzo,29.554050690706955,-1.490928997419088,141.04957550446105,29.549023369775096,-1.5005377625263472,29.560620051066586,-1.4838386876799614
Amajyaruguru,Musanze,Shingiro,Kibuguzo,Nyundo,29.559926474103097,-1.4922604034607752,61.85305979182237,29.555308083163123,-1.4979637959021106,29.564591150062512,-1.4868401398949116
Amajyaruguru,Musanze,Shingiro,Kibuguzo,Rwinuma,29.545150943533887,-1.4957134490160608,146.97432104080605,29.534411172270268,-1.504489669664499,29.556275107360893,-1.4890697058564117
Amajyaruguru,Musanze,Shingiro,Mudende,Budasubira,29.54535651070943,-1.5131478343981113,134.2251363091369,29.53368256052583,-1.5188919389038507,29.552788471091826,-1.508673434994871
Amajyaruguru,Musanze,Shingiro,Mudende,Nyamiyaga,29.53490888313853,-1.5143733552984058,90.72229031762382,29.525709843550466,-1.5194412528975447,29.54280540827679,-1.5097254544607528
Amajyaruguru,Musanze,Shingiro,Mudende,Nyarutembe,29.535749759464824,-1.5076893924612593,116.46823513463181,29.525418019348155,-1.5117421194647058,29.547930455487485,-1.5041546874838636
Amajyaruguru,Musanze,Shingiro,Mudende,Rubagara,29.491588130144876,-1.5059360823720283,1332.853935425945,29.45002625122881,-1.5195224313369695,29.529572227162486,-1.4965627052286248
Amajyaruguru,Musanze,Shingiro,Mudende,Rutagara,29.53291032483377,-1.519165475010984,65.6938596192069,29.52663490538057,-1.5220713662160086,29.540301058361493,-1.51528966804755
Amajyaruguru,Musanze,Shingiro,Mudende,Vubiro,29.54315360028819,-1.520739818362439,74.5610470355068,29.53785965114148,-1.5258077439058884,29.550127718381905,-1.5160455768895538
Amajyaruguru,Musanze,Shingiro,Mugari,Kabagabo,29.539780699098102,-1.4822094437258961,106.81250199411328,29.53295968379133,-1.4873253187800755,29.550293665575538,-1.4751684709756796
Amajyaruguru,Musanze,Shingiro,Mugari,Kabeza,29.542708986261616,-1.4882726374489665,87.68379301463537,29.534785013356245,-1.4925783952153098,29.550457697538313,-1.4840337092798044
Amajyaruguru,Musanze,Shingiro,Mugari,Kimanzi,29.530965797934336,-1.484497461492558,122.39556773462701,29.526144724716485,-1.4918062718201526,29.53535149651647,-1.4749796433018918
Amajyaruguru,Musanze,Shingiro,Mugari,Nyakagezi,29.497607292167988,-1.4959330608305095,419.5362762673934,29.456761101488215,-1.4995163681763761,29.530173043091338,-1.487921359094856
Amajyaruguru,Musanze,Shingiro,Mugari,Rebero,29.532112897859047,-1.4978659907915999,90.26758223183249,29.52811310728776,-1.5050667570368008,29.535294273087786,-1.4906822481765816
Amajyaruguru,Musanze,Shingiro,Mugari,Terimbere,29.49477806378338,-1.485214428249568,1352.5951529940264,29.458864907652227,-1.4948974853190233,29.530707105335942,-1.4701057578049628
